{
  "passed": true,
  "mean_baseline": 0.6355770639964045,
  "mean_current": 0.6355770639964045,
  "delta": 0.0,
  "threshold": -0.005
}