{
  "metrics": {
    "latency_ms": 1577.0,
    "accuracy": 0.9700000000000001,
    "explainability": 0.87,
    "failure_rate": 0.0
  },
  "utilities": {
    "latency": 0.18123538220597146,
    "accuracy": 0.944444444444445,
    "explainability": 0.7714285714285716,
    "failure": 0.9655548043337888
  },
  "weights": {
    "latency": 0.15,
    "accuracy": 0.45,
    "explainability": 0.3,
    "failure": 0.1
  },
  "J": 0.7801693591928464,
  "constraints_ok": true,
  "violations": []
}
