{
  "metrics": {
    "latency_ms": 1519.0,
    "accuracy": 0.92,
    "explainability": 0.82,
    "failure_rate": 0.0
  },
  "utilities": {
    "latency": 0.21823188129949034,
    "accuracy": 0.6666666666666669,
    "explainability": 0.6285714285714286,
    "failure": 0.9655548043337888
  },
  "weights": {
    "latency": 0.15,
    "accuracy": 0.45,
    "explainability": 0.3,
    "failure": 0.1
  },
  "J": 0.6178616911997311,
  "constraints_ok": true,
  "violations": []
}
