{
  "metrics": {
    "latency_ms": 1548.0,
    "accuracy": 0.94,
    "explainability": 0.8733333333333334,
    "failure_rate": 0.0
  },
  "utilities": {
    "latency": 0.19908866018428384,
    "accuracy": 0.7777777777777775,
    "explainability": 0.7809523809523813,
    "failure": 0.9655548043337888
  },
  "weights": {
    "latency": 0.15,
    "accuracy": 0.45,
    "explainability": 0.3,
    "failure": 0.1
  },
  "J": 0.7107044937467357,
  "constraints_ok": true,
  "violations": []
}
