{
  "metrics": {
    "latency_ms": 1371.0,
    "accuracy": 0.9733333333333333,
    "explainability": 0.8500000000000001,
    "failure_rate": 0.0
  },
  "utilities": {
    "latency": 0.3353691295623231,
    "accuracy": 0.9629629629629627,
    "explainability": 0.7142857142857146,
    "failure": 0.9655548043337888
  },
  "weights": {
    "latency": 0.15,
    "accuracy": 0.45,
    "explainability": 0.3,
    "failure": 0.1
  },
  "J": 0.794479897486775,
  "constraints_ok": true,
  "violations": []
}
