{
  "metrics": {
    "latency_ms": 1404.0,
    "accuracy": 0.9366666666666666,
    "explainability": 0.8466666666666667,
    "failure_rate": 0.0
  },
  "utilities": {
    "latency": 0.30661340794350433,
    "accuracy": 0.7592592592592592,
    "explainability": 0.7047619047619049,
    "failure": 0.9655548043337888
  },
  "weights": {
    "latency": 0.15,
    "accuracy": 0.45,
    "explainability": 0.3,
    "failure": 0.1
  },
  "J": 0.6956427297201426,
  "constraints_ok": true,
  "violations": []
}
