{
  "metrics": {
    "latency_ms": 1587.0,
    "accuracy": 0.9566666666666667,
    "explainability": 0.8966666666666666,
    "failure_rate": 0.0
  },
  "utilities": {
    "latency": 0.17537531803396256,
    "accuracy": 0.8703703703703705,
    "explainability": 0.8476190476190476,
    "failure": 0.9655548043337888
  },
  "weights": {
    "latency": 0.15,
    "accuracy": 0.45,
    "explainability": 0.3,
    "failure": 0.1
  },
  "J": 0.7688141590908543,
  "constraints_ok": true,
  "violations": []
}
