{
  "metrics": {
    "latency_ms": 1396.0,
    "accuracy": 0.9466666666666667,
    "explainability": 0.84,
    "failure_rate": 0.0
  },
  "utilities": {
    "latency": 0.3134584354461889,
    "accuracy": 0.8148148148148148,
    "explainability": 0.6857142857142857,
    "failure": 0.9655548043337888
  },
  "weights": {
    "latency": 0.15,
    "accuracy": 0.45,
    "explainability": 0.3,
    "failure": 0.1
  },
  "J": 0.7159551981312596,
  "constraints_ok": true,
  "violations": []
}
