{
  "metrics": {
    "latency_ms": 1566.0,
    "accuracy": 0.9366666666666666,
    "explainability": 0.83,
    "failure_rate": 0.0
  },
  "utilities": {
    "latency": 0.18785629787828084,
    "accuracy": 0.7592592592592592,
    "explainability": 0.6571428571428571,
    "failure": 0.9655548043337888
  },
  "weights": {
    "latency": 0.15,
    "accuracy": 0.45,
    "explainability": 0.3,
    "failure": 0.1
  },
  "J": 0.6635434489246448,
  "constraints_ok": true,
  "violations": []
}
