{
  "metrics": {
    "latency_ms": 1600.0,
    "accuracy": 0.9700000000000001,
    "explainability": 0.88,
    "failure_rate": 0.0
  },
  "utilities": {
    "latency": 0.16798161486607555,
    "accuracy": 0.944444444444445,
    "explainability": 0.8000000000000002,
    "failure": 0.9655548043337888
  },
  "weights": {
    "latency": 0.15,
    "accuracy": 0.45,
    "explainability": 0.3,
    "failure": 0.1
  },
  "J": 0.7867527226632905,
  "constraints_ok": true,
  "violations": []
}
