{
  "metrics": {
    "latency_ms": 1625.0,
    "accuracy": 0.9700000000000001,
    "explainability": 0.8666666666666667,
    "failure_rate": 0.0
  },
  "utilities": {
    "latency": 0.15446526508353475,
    "accuracy": 0.944444444444445,
    "explainability": 0.7619047619047621,
    "failure": 0.9655548043337888
  },
  "weights": {
    "latency": 0.15,
    "accuracy": 0.45,
    "explainability": 0.3,
    "failure": 0.1
  },
  "J": 0.773296698767338,
  "constraints_ok": true,
  "violations": []
}
