{
  "metrics": {
    "latency_ms": 1537.0,
    "accuracy": 0.9766666666666666,
    "explainability": 0.7999999999999999,
    "failure_rate": 0.0
  },
  "utilities": {
    "latency": 0.2061975396750526,
    "accuracy": 0.9814814814814811,
    "explainability": 0.5714285714285713,
    "failure": 0.9655548043337888
  },
  "weights": {
    "latency": 0.15,
    "accuracy": 0.45,
    "explainability": 0.3,
    "failure": 0.1
  },
  "J": 0.7405803494798747,
  "constraints_ok": true,
  "violations": []
}
