{
  "metrics": {
    "latency_ms": 1567.0,
    "accuracy": 0.9533333333333333,
    "explainability": 0.8966666666666666,
    "failure_rate": 0.0
  },
  "utilities": {
    "latency": 0.18724679446465686,
    "accuracy": 0.8518518518518514,
    "explainability": 0.8476190476190476,
    "failure": 0.9655548043337888
  },
  "weights": {
    "latency": 0.15,
    "accuracy": 0.45,
    "explainability": 0.3,
    "failure": 0.1
  },
  "J": 0.7622615472221249,
  "constraints_ok": true,
  "violations": []
}
