{
  "metrics": {
    "latency_ms": 1565.0,
    "accuracy": 0.9333333333333335,
    "explainability": 0.86,
    "failure_rate": 0.0
  },
  "utilities": {
    "latency": 0.18846732521381948,
    "accuracy": 0.7407407407407415,
    "explainability": 0.7428571428571429,
    "failure": 0.9655548043337888
  },
  "weights": {
    "latency": 0.15,
    "accuracy": 0.45,
    "explainability": 0.3,
    "failure": 0.1
  },
  "J": 0.6810160554059284,
  "constraints_ok": true,
  "violations": []
}
