{
  "metrics": {
    "latency_ms": 1564.0,
    "accuracy": 0.9233333333333333,
    "explainability": 0.8766666666666666,
    "failure_rate": 0.0
  },
  "utilities": {
    "latency": 0.18907987728718922,
    "accuracy": 0.6851851851851852,
    "explainability": 0.7904761904761903,
    "failure": 0.9655548043337888
  },
  "weights": {
    "latency": 0.15,
    "accuracy": 0.45,
    "explainability": 0.3,
    "failure": 0.1
  },
  "J": 0.6703936525026478,
  "constraints_ok": true,
  "violations": []
}
