{
  "metrics": {
    "latency_ms": 1584.0,
    "accuracy": 0.94,
    "explainability": 0.88,
    "failure_rate": 0.0
  },
  "utilities": {
    "latency": 0.17711750961868455,
    "accuracy": 0.7777777777777775,
    "explainability": 0.8000000000000002,
    "failure": 0.9655548043337888
  },
  "weights": {
    "latency": 0.15,
    "accuracy": 0.45,
    "explainability": 0.3,
    "failure": 0.1
  },
  "J": 0.7131231068761815,
  "constraints_ok": true,
  "violations": []
}
