{
  "metrics": {
    "latency_ms": 1554.0,
    "accuracy": 0.9333333333333335,
    "explainability": 0.8766666666666666,
    "failure_rate": 0.0
  },
  "utilities": {
    "latency": 0.19528942337473987,
    "accuracy": 0.7407407407407415,
    "explainability": 0.7904761904761903,
    "failure": 0.9655548043337888
  },
  "weights": {
    "latency": 0.15,
    "accuracy": 0.45,
    "explainability": 0.3,
    "failure": 0.1
  },
  "J": 0.6963250844157807,
  "constraints_ok": true,
  "violations": []
}
