{
  "metrics": {
    "latency_ms": 1482.0,
    "accuracy": 0.96,
    "explainability": 0.8366666666666668,
    "failure_rate": 0.0
  },
  "utilities": {
    "latency": 0.2445303826507994,
    "accuracy": 0.8888888888888887,
    "explainability": 0.6761904761904767,
    "failure": 0.9655548043337888
  },
  "weights": {
    "latency": 0.15,
    "accuracy": 0.45,
    "explainability": 0.3,
    "failure": 0.1
  },
  "J": 0.7360921806881418,
  "constraints_ok": true,
  "violations": []
}
