{
  "latency_ms": 1378.0,
  "accuracy": 0.9233333333333333,
  "explainability": 0.8300000000000001,
  "failure_rate": 0.0
}