{
  "latency_ms": 1547.0,
  "accuracy": 0.9499999999999998,
  "explainability": 0.8966666666666666,
  "failure_rate": 0.0
}