{
  "latency_ms": 1507.0,
  "accuracy": 0.9233333333333333,
  "explainability": 0.8633333333333333,
  "failure_rate": 0.0
}