{
  "latency_ms": 1404.0,
  "accuracy": 0.9366666666666666,
  "explainability": 0.8466666666666667,
  "failure_rate": 0.0
}