{
  "latency_ms": 1428.0,
  "accuracy": 0.9266666666666667,
  "explainability": 0.8566666666666668,
  "failure_rate": 0.0
}