{
  "latency_ms": 1431.0,
  "accuracy": 0.9366666666666666,
  "explainability": 0.8633333333333333,
  "failure_rate": 0.0
}