{
  "latency_ms": 1397.0,
  "accuracy": 0.9466666666666668,
  "explainability": 0.8033333333333333,
  "failure_rate": 0.0
}