{
  "latency_ms": 1371.0,
  "accuracy": 0.9733333333333333,
  "explainability": 0.8500000000000001,
  "failure_rate": 0.0
}