{
  "latency_ms": 1561.0,
  "accuracy": 0.9566666666666667,
  "explainability": 0.8333333333333334,
  "failure_rate": 0.0
}