{
  "latency_ms": 1620.0,
  "accuracy": 0.9233333333333333,
  "explainability": 0.8733333333333334,
  "failure_rate": 0.0
}