{
  "latency_ms": 1537.0,
  "accuracy": 0.9766666666666666,
  "explainability": 0.7999999999999999,
  "failure_rate": 0.0
}