{
  "latency_ms": 1403.0,
  "accuracy": 0.9166666666666666,
  "explainability": 0.8833333333333333,
  "failure_rate": 0.0
}