{
  "latency_ms": 1564.0,
  "accuracy": 0.9233333333333333,
  "explainability": 0.8766666666666666,
  "failure_rate": 0.0
}