{
  "latency_ms": 1554.0,
  "accuracy": 0.9333333333333335,
  "explainability": 0.8766666666666666,
  "failure_rate": 0.0
}