{
  "latency_ms": 1598.0,
  "accuracy": 0.9400000000000001,
  "explainability": 0.9133333333333334,
  "failure_rate": 0.0
}