{
  "latency_ms": 1533.0,
  "accuracy": 0.9533333333333335,
  "explainability": 0.8766666666666666,
  "failure_rate": 0.0
}