{
  "latency_ms": 1357.0,
  "accuracy": 0.9033333333333333,
  "explainability": 0.8666666666666667,
  "failure_rate": 0.0
}