{
  "latency_ms": 1640.0,
  "accuracy": 0.9266666666666667,
  "explainability": 0.8766666666666666,
  "failure_rate": 0.0
}