{
  "latency_ms": 1497.0,
  "accuracy": 0.9199999999999999,
  "explainability": 0.8366666666666668,
  "failure_rate": 0.0
}