{
  "metrics": {
    "latency_ms": 1399.0,
    "accuracy": 0.9566666666666667,
    "explainability": 0.89,
    "failure_rate": 0.0
  },
  "utilities": {
    "latency": 0.3108818072084806,
    "accuracy": 0.8703703703703705,
    "explainability": 0.8285714285714287,
    "failure": 0.9655548043337888
  },
  "weights": {
    "latency": 0.25,
    "accuracy": 0.35,
    "explainability": 0.25,
    "failure": 0.15
  },
  "J": 0.7343261592246753,
  "constraints_ok": true,
  "violations": []
}
