{
  "metrics": {
    "latency_ms": 1428.0,
    "accuracy": 0.9266666666666667,
    "explainability": 0.8566666666666668,
    "failure_rate": 0.0
  },
  "utilities": {
    "latency": 0.28659074979413424,
    "accuracy": 0.7037037037037042,
    "explainability": 0.7333333333333338,
    "failure": 0.9655548043337888
  },
  "weights": {
    "latency": 0.25,
    "accuracy": 0.35,
    "explainability": 0.25,
    "failure": 0.15
  },
  "J": 0.6461105377282318,
  "constraints_ok": true,
  "violations": []
}
