{
  "metrics": {
    "latency_ms": 1431.0,
    "accuracy": 0.9366666666666666,
    "explainability": 0.8633333333333333,
    "failure_rate": 0.0
  },
  "utilities": {
    "latency": 0.28414356827121023,
    "accuracy": 0.7592592592592592,
    "explainability": 0.7523809523809524,
    "failure": 0.9655548043337888
  },
  "weights": {
    "latency": 0.25,
    "accuracy": 0.35,
    "explainability": 0.25,
    "failure": 0.15
  },
  "J": 0.6697050915538497,
  "constraints_ok": true,
  "violations": []
}
