{
  "metrics": {
    "latency_ms": 1364.0,
    "accuracy": 0.9500000000000001,
    "explainability": 0.8666666666666667,
    "failure_rate": 0.0
  },
  "utilities": {
    "latency": 0.3416387276387858,
    "accuracy": 0.8333333333333337,
    "explainability": 0.7619047619047621,
    "failure": 0.9655548043337888
  },
  "weights": {
    "latency": 0.25,
    "accuracy": 0.35,
    "explainability": 0.25,
    "failure": 0.15
  },
  "J": 0.7123857597026221,
  "constraints_ok": true,
  "violations": []
}
