{
  "metrics": {
    "latency_ms": 1357.0,
    "accuracy": 0.9033333333333333,
    "explainability": 0.8666666666666667,
    "failure_rate": 0.0
  },
  "utilities": {
    "latency": 0.34796416993212265,
    "accuracy": 0.574074074074074,
    "explainability": 0.7619047619047621,
    "failure": 0.9655548043337888
  },
  "weights": {
    "latency": 0.25,
    "accuracy": 0.35,
    "explainability": 0.25,
    "failure": 0.15
  },
  "J": 0.6232263795352153,
  "constraints_ok": true,
  "violations": []
}
