{
  "metrics": {
    "latency_ms": 1412.0,
    "accuracy": 0.9733333333333333,
    "explainability": 0.91,
    "failure_rate": 0.0
  },
  "utilities": {
    "latency": 0.29985257139046295,
    "accuracy": 0.9629629629629627,
    "explainability": 0.8857142857142859,
    "failure": 0.9655548043337888
  },
  "weights": {
    "latency": 0.25,
    "accuracy": 0.35,
    "explainability": 0.25,
    "failure": 0.15
  },
  "J": 0.7782619719632925,
  "constraints_ok": true,
  "violations": []
}
