{
  "metrics": {
    "latency_ms": 1403.0,
    "accuracy": 0.9166666666666666,
    "explainability": 0.8833333333333333,
    "failure_rate": 0.0
  },
  "utilities": {
    "latency": 0.3074644716500434,
    "accuracy": 0.6481481481481479,
    "explainability": 0.8095238095238095,
    "failure": 0.9655548043337888
  },
  "weights": {
    "latency": 0.25,
    "accuracy": 0.35,
    "explainability": 0.25,
    "failure": 0.15
  },
  "J": 0.6509321427953833,
  "constraints_ok": true,
  "violations": []
}
