{
  "latency_ms": 1364.0,
  "accuracy": 0.9500000000000001,
  "explainability": 0.8666666666666667,
  "failure_rate": 0.0
}