{
  "metrics": {
    "latency_ms": 1537.0,
    "accuracy": 0.9033333333333333,
    "explainability": 0.79,
    "failure_rate": 0.0
  },
  "utilities": {
    "latency": 0.2061975396750526,
    "accuracy": 0.574074074074074,
    "explainability": 0.542857142857143,
    "failure": 0.9655548043337888
  },
  "weights": {
    "accuracy": 0.3,
    "explainability": 0.15,
    "failure": 0.45,
    "latency": 0.09999999999999999
  },
  "J": 0.7087702095685038,
  "constraints_ok": true,
  "violations": []
}
