{
  "metrics": {
    "latency_ms": 1592.0,
    "accuracy": 0.9566666666666667,
    "explainability": 0.8566666666666666,
    "failure_rate": 0.0
  },
  "utilities": {
    "latency": 0.17250169448621222,
    "accuracy": 0.8703703703703705,
    "explainability": 0.7333333333333332,
    "failure": 0.9655548043337888
  },
  "weights": {
    "accuracy": 0.3,
    "explainability": 0.15,
    "failure": 0.45,
    "latency": 0.09999999999999999
  },
  "J": 0.8228609425099374,
  "constraints_ok": true,
  "violations": []
}
