{
  "metrics": {
    "latency_ms": 1529.0,
    "accuracy": 0.9433333333333334,
    "explainability": 0.8533333333333334,
    "failure_rate": 0.0
  },
  "utilities": {
    "latency": 0.2114845590390929,
    "accuracy": 0.7962962962962965,
    "explainability": 0.7238095238095241,
    "failure": 0.9655548043337888
  },
  "weights": {
    "accuracy": 0.3,
    "explainability": 0.15,
    "failure": 0.45,
    "latency": 0.09999999999999999
  },
  "J": 0.8031084353144318,
  "constraints_ok": true,
  "violations": []
}
