{
  "metrics": {
    "latency_ms": 1499.0,
    "accuracy": 0.9533333333333335,
    "explainability": 0.8633333333333333,
    "failure_rate": 0.0
  },
  "utilities": {
    "latency": 0.23218755843964,
    "accuracy": 0.8518518518518527,
    "explainability": 0.7523809523809524,
    "failure": 0.9655548043337888
  },
  "weights": {
    "accuracy": 0.3,
    "explainability": 0.15,
    "failure": 0.45,
    "latency": 0.09999999999999999
  },
  "J": 0.8261311162068676,
  "constraints_ok": true,
  "violations": []
}
