{
  "metrics": {
    "latency_ms": 1593.0,
    "accuracy": 0.9266666666666667,
    "explainability": 0.9,
    "failure_rate": 0.0
  },
  "utilities": {
    "latency": 0.17193146280661376,
    "accuracy": 0.7037037037037042,
    "explainability": 0.8571428571428573,
    "failure": 0.9655548043337888
  },
  "weights": {
    "accuracy": 0.3,
    "explainability": 0.15,
    "failure": 0.45,
    "latency": 0.09999999999999999
  },
  "J": 0.7913753479134061,
  "constraints_ok": true,
  "violations": []
}
