{
  "metrics": {
    "latency_ms": 1539.0,
    "accuracy": 0.9533333333333335,
    "explainability": 0.8533333333333334,
    "failure_rate": 0.0
  },
  "utilities": {
    "latency": 0.20489117623021424,
    "accuracy": 0.8518518518518527,
    "explainability": 0.7238095238095241,
    "failure": 0.9655548043337888
  },
  "weights": {
    "accuracy": 0.3,
    "explainability": 0.15,
    "failure": 0.45,
    "latency": 0.09999999999999999
  },
  "J": 0.8191157637002108,
  "constraints_ok": true,
  "violations": []
}
