{
  "metrics": {
    "latency_ms": 1416.0,
    "accuracy": 0.9166666666666666,
    "explainability": 0.9,
    "failure_rate": 0.0
  },
  "utilities": {
    "latency": 0.2965043090481889,
    "accuracy": 0.6481481481481479,
    "explainability": 0.8571428571428573,
    "failure": 0.9655548043337888
  },
  "weights": {
    "accuracy": 0.3,
    "explainability": 0.15,
    "failure": 0.45,
    "latency": 0.09999999999999999
  },
  "J": 0.7871659658708968,
  "constraints_ok": true,
  "violations": []
}
