{
  "metrics": {
    "latency_ms": 1560.0,
    "accuracy": 0.9533333333333335,
    "explainability": 0.8966666666666666,
    "failure_rate": 0.0
  },
  "utilities": {
    "latency": 0.19154534856146743,
    "accuracy": 0.8518518518518527,
    "explainability": 0.8476190476190476,
    "failure": 0.9655548043337888
  },
  "weights": {
    "accuracy": 0.3,
    "explainability": 0.15,
    "failure": 0.45,
    "latency": 0.09999999999999999
  },
  "J": 0.8363526095047646,
  "constraints_ok": true,
  "violations": []
}
