{
  "metrics": {
    "latency_ms": 1631.0,
    "accuracy": 0.9633333333333334,
    "explainability": 0.83,
    "failure_rate": 0.0
  },
  "utilities": {
    "latency": 0.15135665554987898,
    "accuracy": 0.9074074074074077,
    "explainability": 0.6571428571428571,
    "failure": 0.9655548043337888
  },
  "weights": {
    "accuracy": 0.3,
    "explainability": 0.15,
    "failure": 0.45,
    "latency": 0.09999999999999999
  },
  "J": 0.8204289782988438,
  "constraints_ok": true,
  "violations": []
}
