{
  "metrics": {
    "latency_ms": 1613.0,
    "accuracy": 0.9633333333333334,
    "explainability": 0.87,
    "failure_rate": 0.0
  },
  "utilities": {
    "latency": 0.16083882703896124,
    "accuracy": 0.9074074074074077,
    "explainability": 0.7714285714285716,
    "failure": 0.9655548043337888
  },
  "weights": {
    "accuracy": 0.3,
    "explainability": 0.15,
    "failure": 0.45,
    "latency": 0.09999999999999999
  },
  "J": 0.8385200525906091,
  "constraints_ok": true,
  "violations": []
}
