{
  "metrics": {
    "latency_ms": 1618.0,
    "accuracy": 0.9666666666666667,
    "explainability": 0.8633333333333333,
    "failure_rate": 0.0
  },
  "utilities": {
    "latency": 0.15815770905624826,
    "accuracy": 0.925925925925926,
    "explainability": 0.7523809523809524,
    "failure": 0.9655548043337888
  },
  "weights": {
    "accuracy": 0.3,
    "explainability": 0.15,
    "failure": 0.45,
    "latency": 0.09999999999999999
  },
  "J": 0.8409503534907504,
  "constraints_ok": true,
  "violations": []
}
