{
  "metrics": {
    "latency_ms": 1624.0,
    "accuracy": 0.9766666666666666,
    "explainability": 0.8833333333333333,
    "failure_rate": 0.0
  },
  "utilities": {
    "latency": 0.1549884104334317,
    "accuracy": 0.9814814814814811,
    "explainability": 0.8095238095238095,
    "failure": 0.9655548043337888
  },
  "weights": {
    "accuracy": 0.3,
    "explainability": 0.15,
    "failure": 0.45,
    "latency": 0.09999999999999999
  },
  "J": 0.8658715188665638,
  "constraints_ok": true,
  "violations": []
}
