{
  "metrics": {
    "latency_ms": 1511.0,
    "accuracy": 0.92,
    "explainability": 0.8266666666666667,
    "failure_rate": 0.0
  },
  "utilities": {
    "latency": 0.22374049537054952,
    "accuracy": 0.6666666666666669,
    "explainability": 0.6476190476190478,
    "failure": 0.9655548043337888
  },
  "weights": {
    "accuracy": 0.3,
    "explainability": 0.15,
    "failure": 0.45,
    "latency": 0.09999999999999999
  },
  "J": 0.754016568630117,
  "constraints_ok": true,
  "violations": []
}
