{
  "metrics": {
    "latency_ms": 1553.0,
    "accuracy": 0.9500000000000001,
    "explainability": 0.8166666666666668,
    "failure_rate": 0.0
  },
  "utilities": {
    "latency": 0.19591879549891944,
    "accuracy": 0.8333333333333337,
    "explainability": 0.6190476190476194,
    "failure": 0.9655548043337888
  },
  "weights": {
    "accuracy": 0.3,
    "explainability": 0.15,
    "failure": 0.45,
    "latency": 0.09999999999999999
  },
  "J": 0.79694868435724,
  "constraints_ok": true,
  "violations": []
}
