{
  "metrics": {
    "latency_ms": 1512.0,
    "accuracy": 0.9400000000000001,
    "explainability": 0.8566666666666666,
    "failure_rate": 0.0
  },
  "utilities": {
    "latency": 0.22304654039804273,
    "accuracy": 0.7777777777777781,
    "explainability": 0.7333333333333332,
    "failure": 0.9655548043337888
  },
  "weights": {
    "accuracy": 0.3,
    "explainability": 0.15,
    "failure": 0.45,
    "latency": 0.09999999999999999
  },
  "J": 0.8001376493233426,
  "constraints_ok": true,
  "violations": []
}
