{
  "metrics": {
    "latency_ms": 1395.0,
    "accuracy": 0.9466666666666667,
    "explainability": 0.8633333333333334,
    "failure_rate": 0.0
  },
  "utilities": {
    "latency": 0.3143198860617461,
    "accuracy": 0.8148148148148148,
    "explainability": 0.7523809523809527,
    "failure": 0.9655548043337888
  },
  "weights": {
    "accuracy": 0.3,
    "explainability": 0.15,
    "failure": 0.45,
    "latency": 0.09999999999999999
  },
  "J": 0.8232332378579669,
  "constraints_ok": true,
  "violations": []
}
