{
  "metrics": {
    "latency_ms": 1625.0,
    "accuracy": 0.93,
    "explainability": 0.9133333333333334,
    "failure_rate": 0.0
  },
  "utilities": {
    "latency": 0.15446526508353475,
    "accuracy": 0.7222222222222225,
    "explainability": 0.8952380952380957,
    "failure": 0.9655548043337888
  },
  "weights": {
    "accuracy": 0.3,
    "explainability": 0.15,
    "failure": 0.45,
    "latency": 0.09999999999999999
  },
  "J": 0.8008985694109395,
  "constraints_ok": true,
  "violations": []
}
