{
  "metrics": {
    "latency_ms": 1416.0,
    "accuracy": 0.9666666666666667,
    "explainability": 0.8266666666666667,
    "failure_rate": 0.0
  },
  "utilities": {
    "latency": 0.2965043090481889,
    "accuracy": 0.925925925925926,
    "explainability": 0.6476190476190478,
    "failure": 0.9655548043337888
  },
  "weights": {
    "accuracy": 0.3,
    "explainability": 0.15,
    "failure": 0.45,
    "latency": 0.09999999999999999
  },
  "J": 0.8390707277756588,
  "constraints_ok": true,
  "violations": []
}
