{
  "metrics": {
    "latency_ms": 1354.0,
    "accuracy": 0.96,
    "explainability": 0.8766666666666668,
    "failure_rate": 0.0
  },
  "utilities": {
    "latency": 0.3506917347288657,
    "accuracy": 0.8888888888888887,
    "explainability": 0.790476190476191,
    "failure": 0.9655548043337888
  },
  "weights": {
    "accuracy": 0.3,
    "explainability": 0.15,
    "failure": 0.45,
    "latency": 0.09999999999999999
  },
  "J": 0.8548069306611867,
  "constraints_ok": true,
  "violations": []
}
