{
  "metrics": {
    "latency_ms": 1391.0,
    "accuracy": 0.9433333333333334,
    "explainability": 0.8666666666666667,
    "failure_rate": 0.0
  },
  "utilities": {
    "latency": 0.317778453599324,
    "accuracy": 0.7962962962962965,
    "explainability": 0.7619047619047621,
    "failure": 0.9655548043337888
  },
  "weights": {
    "accuracy": 0.3,
    "explainability": 0.15,
    "failure": 0.45,
    "latency": 0.09999999999999999
  },
  "J": 0.8194521104847405,
  "constraints_ok": true,
  "violations": []
}
