{
  "latency_ms": 1424.0,
  "accuracy": 0.9533333333333333,
  "explainability": 0.8566666666666668,
  "failure_rate": 0.0
}