{
  "latency_ms": 1479.0,
  "accuracy": 0.9366666666666666,
  "explainability": 0.8366666666666668,
  "failure_rate": 0.0
}