{
  "latency_ms": 1512.0,
  "accuracy": 0.9400000000000001,
  "explainability": 0.8566666666666666,
  "failure_rate": 0.0
}