{
  "latency_ms": 1395.0,
  "accuracy": 0.9466666666666667,
  "explainability": 0.8633333333333334,
  "failure_rate": 0.0
}