{
  "latency_ms": 1434.0,
  "accuracy": 0.9566666666666667,
  "explainability": 0.9066666666666667,
  "failure_rate": 0.0
}