{
  "latency_ms": 1523.0,
  "accuracy": 0.9266666666666666,
  "explainability": 0.8633333333333333,
  "failure_rate": 0.0
}