{
  "latency_ms": 1366.0,
  "accuracy": 0.9133333333333334,
  "explainability": 0.8766666666666666,
  "failure_rate": 0.0
}