{
  "latency_ms": 1618.0,
  "accuracy": 0.9666666666666667,
  "explainability": 0.8633333333333333,
  "failure_rate": 0.0
}