{
  "latency_ms": 1553.0,
  "accuracy": 0.9500000000000001,
  "explainability": 0.8166666666666668,
  "failure_rate": 0.0
}