{
  "latency_ms": 1420.0,
  "accuracy": 0.9333333333333335,
  "explainability": 0.8866666666666667,
  "failure_rate": 0.0
}