{
  "latency_ms": 1416.0,
  "accuracy": 0.9666666666666667,
  "explainability": 0.8266666666666667,
  "failure_rate": 0.0
}