{
  "latency_ms": 1581.0,
  "accuracy": 0.8933333333333334,
  "explainability": 0.8300000000000001,
  "failure_rate": 0.0
}