{
  "latency_ms": 1627.0,
  "accuracy": 0.9766666666666666,
  "explainability": 0.8566666666666666,
  "failure_rate": 0.0
}