{
  "latency_ms": 1568.0,
  "accuracy": 0.9433333333333334,
  "explainability": 0.8533333333333334,
  "failure_rate": 0.0
}