{
  "latency_ms": 1539.0,
  "accuracy": 0.9533333333333335,
  "explainability": 0.8533333333333334,
  "failure_rate": 0.0
}