{
  "latency_ms": 1629.0,
  "accuracy": 0.9433333333333334,
  "explainability": 0.8666666666666667,
  "failure_rate": 0.0
}