{
  "latency_ms": 1592.0,
  "accuracy": 0.9566666666666667,
  "explainability": 0.8566666666666666,
  "failure_rate": 0.0
}