{
  "latency_ms": 1438.0,
  "accuracy": 0.9366666666666665,
  "explainability": 0.8133333333333334,
  "failure_rate": 0.0
}