{
  "metrics": {
    "latency_ms": 1547.0,
    "accuracy": 0.9499999999999998,
    "explainability": 0.8966666666666666,
    "failure_rate": 0.0
  },
  "utilities": {
    "latency": 0.19972723741565002,
    "accuracy": 0.8333333333333325,
    "explainability": 0.8476190476190476,
    "failure": 0.9655548043337888
  },
  "weights": {
    "latency": 0.25,
    "accuracy": 0.35,
    "explainability": 0.25,
    "failure": 0.15
  },
  "J": 0.698336458575409,
  "constraints_ok": true,
  "violations": []
}
