{
  "metrics": {
    "latency_ms": 1479.0,
    "accuracy": 0.96,
    "explainability": 0.8633333333333333,
    "failure_rate": 0.0
  },
  "utilities": {
    "latency": 0.24675399605081327,
    "accuracy": 0.8888888888888887,
    "explainability": 0.7523809523809524,
    "failure": 0.9655548043337888
  },
  "weights": {
    "latency": 0.25,
    "accuracy": 0.35,
    "explainability": 0.25,
    "failure": 0.15
  },
  "J": 0.7057280688691208,
  "constraints_ok": true,
  "violations": []
}
