{
  "metrics": {
    "latency_ms": 1507.0,
    "accuracy": 0.9233333333333333,
    "explainability": 0.8633333333333333,
    "failure_rate": 0.0
  },
  "utilities": {
    "latency": 0.2265316641941637,
    "accuracy": 0.6851851851851852,
    "explainability": 0.7523809523809524,
    "failure": 0.9655548043337888
  },
  "weights": {
    "latency": 0.25,
    "accuracy": 0.35,
    "explainability": 0.25,
    "failure": 0.15
  },
  "J": 0.6293761896086622,
  "constraints_ok": true,
  "violations": []
}
