{
  "validation": {
    "r2": 0.8041,
    "mse": 0.082557
  },
  "test": {
    "r2": 0.7452,
    "mse": 0.11218
  },
  "gap_analysis": {
    "r2_gap": 0.059,
    "mse_ratio": 1.359,
    "nrmse_ratio": 1.141
  }
}