{
  "n_A": 180,
  "n_B": 180,
  "mean_A": 0.805112996038475,
  "mean_B": 0.7154288983971533,
  "t_stat": 19.542178036564803,
  "df": 330.13894050405827,
  "delta_J": -0.089684,
  "p_value": "NA"
}