{
  "r2": 0.07625982350518912,
  "mse": 0.3583809524687198
}