{
  "total_samples": 192,
  "mean_residual": -2.02312169736892e-09,
  "median_abs_residual": 0.06383608684731962,
  "top_error_cases": 50,
  "schema_expectations": {
    "shape": {
      "rows": 192,
      "cols": 3
    },
    "na_rate": {
      "f0": 0.0,
      "f1": 0.0,
      "f2_sq": 0.0
    },
    "numeric_summary": {
      "f0": {
        "count": 192,
        "mean": -0.08958810882899589,
        "std": 1.0202030319467363,
        "min": -2.9069882193216414,
        "q1": -0.7509683238390286,
        "median": -0.1058224684955604,
        "q3": 0.5180808939121353,
        "max": 2.5269324258736217,
        "iqr": 1.2690492177511639,
        "outlier_rate_iqr": 0.010416666666666666,
        "na_rate": 0.0
      },
      "f1": {
        "count": 192,
        "mean": -0.10365377687425803,
        "std": 0.9212009818669079,
        "min": -2.380739105523497,
        "q1": -0.7544931175220988,
        "median": -0.10279656676652116,
        "q3": 0.5426947286313735,
        "max": 2.463242112485286,
        "iqr": 1.2971878461534723,
        "outlier_rate_iqr": 0.0,
        "na_rate": 0.0
      },
      "f2_sq": {
        "count": 192,
        "mean": 0.9464640199590519,
        "std": 1.2403654561910231,
        "min": 0.0002041244234179984,
        "q1": 0.0826648872490527,
        "median": 0.4827452439581572,
        "q3": 1.2203513133886412,
        "max": 8.12267162401451,
        "iqr": 1.1376864261395885,
        "outlier_rate_iqr": 0.078125,
        "na_rate": 0.0
      }
    },
    "categorical_summary": {},
    "target_summary": {
      "count": 192,
      "mean": 0.18453644184490944,
      "std": 0.6228701853837505,
      "min": -1.5358764018687918,
      "q01": -1.1136348742891986,
      "q05": -0.8953710871309318,
      "q25": -0.22387138609789717,
      "median": 0.18703585301306808,
      "q75": 0.6219603923949473,
      "q95": 1.2727959283874077,
      "q99": 1.4858896779502906,
      "iqr": 0.8458317784928444,
      "outlier_rate_iqr": 0.005208333333333333
    },
    "column_types": {
      "numeric": [
        "f0",
        "f1",
        "f2_sq"
      ],
      "categorical": []
    }
  },
  "quality_flags": {
    "high_na": [],
    "high_outlier_iqr": [],
    "notes": []
  },
  "preprocessing_suggestions": {
    "impute": [],
    "clip": [],
    "winsorize": [],
    "categorical_other": []
  }
}