{
  "total_samples": 32,
  "mean_residual": -2.0816681711721685e-17,
  "median_abs_residual": 0.211218405178537,
  "top_error_cases": 32,
  "schema_expectations": {
    "shape": {
      "rows": 32,
      "cols": 1
    },
    "na_rate": {
      "num_a": 0.0
    },
    "numeric_summary": {
      "num_a": {
        "count": 32,
        "mean": 0.09132493279309378,
        "std": 0.8979396363597829,
        "min": -1.5769964821909972,
        "q1": -0.5673706982377971,
        "median": 0.029468023720083798,
        "q3": 0.7653227857911913,
        "max": 2.02360621922964,
        "iqr": 1.3326934840289884,
        "outlier_rate_iqr": 0.0,
        "na_rate": 0.0
      }
    },
    "categorical_summary": {},
    "target_summary": {
      "count": 32,
      "mean": 0.2200249479722304,
      "std": 0.6492487670218081,
      "min": -1.109727792800982,
      "q01": -1.0299622807978253,
      "q05": -0.7641061091110611,
      "q25": -0.1646614534763275,
      "median": 0.1714237284396929,
      "q75": 0.6422563391845386,
      "q95": 1.217956564637868,
      "q99": 1.7866049604362872,
      "iqr": 0.8069177926608662,
      "outlier_rate_iqr": 0.03125
    },
    "column_types": {
      "numeric": [
        "num_a"
      ],
      "categorical": []
    }
  },
  "quality_flags": {
    "high_na": [],
    "high_outlier_iqr": [],
    "notes": []
  },
  "preprocessing_suggestions": {
    "impute": [],
    "clip": [],
    "winsorize": [],
    "categorical_other": []
  }
}