{
  "total_samples": 192,
  "mean_residual": 2.111264660783115e-09,
  "median_abs_residual": 0.20525358121041626,
  "top_error_cases": 50,
  "schema_expectations": {
    "shape": {
      "rows": 192,
      "cols": 2
    },
    "na_rate": {
      "f0": 0.0,
      "f2_sq": 0.0
    },
    "numeric_summary": {
      "f0": {
        "count": 192,
        "mean": 0.10340863946618069,
        "std": 1.0691889121002895,
        "min": -2.789469794245805,
        "q1": -0.8025685855143012,
        "median": 0.13678616929706283,
        "q3": 0.8350625951497992,
        "max": 2.9289815907963006,
        "iqr": 1.6376311806641004,
        "outlier_rate_iqr": 0.0,
        "na_rate": 0.0
      },
      "f2_sq": {
        "count": 192,
        "mean": 0.8990901504347245,
        "std": 1.3419025317091302,
        "min": 7.654104374229931e-06,
        "q1": 0.07290721089345117,
        "median": 0.4113870002547271,
        "q3": 1.006674672949697,
        "max": 8.787206944595383,
        "iqr": 0.9337674620562457,
        "outlier_rate_iqr": 0.13020833333333334,
        "na_rate": 0.0
      }
    },
    "categorical_summary": {},
    "target_summary": {
      "count": 192,
      "mean": 0.22901309054340055,
      "std": 0.6825805061595611,
      "min": -1.3497954064404558,
      "q01": -1.1563277346015715,
      "q05": -0.8460522704769103,
      "q25": -0.3230810324326847,
      "median": 0.2956576110173116,
      "q75": 0.694536917266481,
      "q95": 1.3658396749409023,
      "q99": 1.6776057857918103,
      "iqr": 1.0176179496991657,
      "outlier_rate_iqr": 0.0
    },
    "column_types": {
      "numeric": [
        "f0",
        "f2_sq"
      ],
      "categorical": []
    }
  },
  "quality_flags": {
    "high_na": [],
    "high_outlier_iqr": [],
    "notes": []
  },
  "preprocessing_suggestions": {
    "impute": [],
    "clip": [],
    "winsorize": [],
    "categorical_other": []
  }
}