{
  "total_samples": 192,
  "mean_residual": -0.021014200301984448,
  "median_abs_residual": 0.4309798552933732,
  "top_error_cases": 50,
  "schema_expectations": {
    "shape": {
      "rows": 192,
      "cols": 1
    },
    "na_rate": {
      "f2_sq": 0.0
    },
    "numeric_summary": {
      "f2_sq": {
        "count": 192,
        "mean": 0.9464640199590519,
        "std": 1.2403654561910231,
        "min": 0.0002041244234179984,
        "q1": 0.0826648872490527,
        "median": 0.4827452439581572,
        "q3": 1.2203513133886412,
        "max": 8.12267162401451,
        "iqr": 1.1376864261395885,
        "outlier_rate_iqr": 0.078125,
        "na_rate": 0.0
      }
    },
    "categorical_summary": {},
    "target_summary": {
      "count": 192,
      "mean": 0.18453644184490944,
      "std": 0.6228701853837505,
      "min": -1.5358764018687918,
      "q01": -1.1136348742891986,
      "q05": -0.8953710871309318,
      "q25": -0.22387138609789717,
      "median": 0.18703585301306808,
      "q75": 0.6219603923949473,
      "q95": 1.2727959283874077,
      "q99": 1.4858896779502906,
      "iqr": 0.8458317784928444,
      "outlier_rate_iqr": 0.005208333333333333
    },
    "column_types": {
      "numeric": [
        "f2_sq"
      ],
      "categorical": []
    }
  },
  "quality_flags": {
    "high_na": [],
    "high_outlier_iqr": [],
    "notes": []
  },
  "preprocessing_suggestions": {
    "impute": [],
    "clip": [],
    "winsorize": [],
    "categorical_other": []
  }
}