{
  "total_samples": 160,
  "mean_residual": 2.1751055082064317e-09,
  "median_abs_residual": 0.21679710987949435,
  "top_error_cases": 50,
  "schema_expectations": {
    "shape": {
      "rows": 160,
      "cols": 1
    },
    "na_rate": {
      "num_a": 0.0
    },
    "numeric_summary": {
      "num_a": {
        "count": 160,
        "mean": -0.026983354316259568,
        "std": 0.9243577561189422,
        "min": -2.5623336587953105,
        "q1": -0.6390141315459119,
        "median": -0.09510049234239515,
        "q3": 0.6733812013116096,
        "max": 2.3883719928704386,
        "iqr": 1.3123953328575215,
        "outlier_rate_iqr": 0.0,
        "na_rate": 0.0
      }
    },
    "categorical_summary": {},
    "target_summary": {
      "count": 160,
      "mean": 0.19731168883946115,
      "std": 0.6378881707786328,
      "min": -1.7486663478472086,
      "q01": -1.302524639542601,
      "q05": -0.8092834471474329,
      "q25": -0.2590431304926673,
      "median": 0.19246483244601376,
      "q75": 0.5945856716649941,
      "q95": 1.2679311888005345,
      "q99": 1.6091798802450228,
      "iqr": 0.8536288021576615,
      "outlier_rate_iqr": 0.01875
    },
    "column_types": {
      "numeric": [
        "num_a"
      ],
      "categorical": []
    }
  },
  "quality_flags": {
    "high_na": [],
    "high_outlier_iqr": [],
    "notes": []
  },
  "preprocessing_suggestions": {
    "impute": [],
    "clip": [],
    "winsorize": [],
    "categorical_other": []
  }
}