{
  "n": 240,
  "resid_q10": -0.15184033573634628,
  "resid_q90": 0.17021911468044384
}