{
  "validation": {
    "r2": 0.07625982350518912,
    "mse": 0.3583809524687198,
    "rmse": 0.5986492733385048,
    "std_y": 0.6228701853837505,
    "nrmse": 0.9611140288705836
  },
  "test": {
    "r2": 0.14104913140008968,
    "mse": 0.3889240423640398,
    "rmse": 0.6236377493096772,
    "std_y": 0.67289644507047,
    "nrmse": 0.9267960231881432
  },
  "gap_analysis": {
    "r2_gap": -0.06478930789490056,
    "mse_ratio": 1.085225204311007,
    "nrmse_ratio": 0.9642935128906943
  }
}