{
  "seeds": [
    41,
    42,
    43
  ],
  "valid": {
    "r2_mean": 0.9746096020828506,
    "r2_std": 0.0030554176280300615,
    "mse_mean": 0.010417039211195462,
    "mse_std": 0.001321406133100263
  },
  "test": {
    "r2_mean": 0.948394007366398,
    "r2_std": 0.008226708180918451,
    "mse_mean": 0.022574387288826103,
    "mse_std": 0.004399022130421558
  },
  "gap": {
    "r2_mean_gap": 0.026215594716452628,
    "mse_ratio_mean": 2.1670636762665563,
    "nrmse_ratio_mean": 1.426339499651083
  }
}