{
  "seeds": [
    41,
    42,
    43
  ],
  "valid": {
    "r2_mean": 0.9691768915203061,
    "r2_std": 0.005295937492638806,
    "mse_mean": 0.013217727183789241,
    "mse_std": 0.0019412254873615047
  },
  "test": {
    "r2_mean": 0.9495856476926131,
    "r2_std": 0.007398098518938728,
    "mse_mean": 0.020968949501658864,
    "mse_std": 0.0033255481105891145
  },
  "gap": {
    "r2_mean_gap": 0.01959124382769295,
    "mse_ratio_mean": 1.586426259983338
  }
}