{
  "timestamp": 1754970521,
  "performance_summary": {
    "r2_score": 0.8077583468747029,
    "mse": 0.07458346892806414,
    "status": "completed"
  },
  "artifacts_generated": [
    "metrics"
  ]
}