{
  "timestamp": 1755046967,
  "performance_summary": {
    "r2_score": 0.793309090266968,
    "mse": 0.08018930753648594,
    "status": "completed"
  },
  "artifacts_generated": [
    "metrics"
  ]
}