{
  "timestamp": 1755049525,
  "performance_summary": {
    "r2_score": 0.9676661311463256,
    "mse": 0.012544482757856523,
    "status": "completed"
  },
  "artifacts_generated": [
    "metrics"
  ]
}