{
  "timestamp": 1754961905,
  "performance_summary": {
    "r2_score": 0.9935113796390137,
    "mse": 0.002756269793352947,
    "status": "completed"
  },
  "artifacts_generated": [
    "metrics"
  ]
}