{
  "timestamp": 1755049381,
  "performance_summary": {
    "r2_score": 0.08693182748595829,
    "mse": 0.3542405642419233,
    "status": "completed"
  },
  "artifacts_generated": [
    "metrics"
  ]
}