{
  "timestamp": 1755046968,
  "performance_summary": {
    "r2_score": 0.7916514074410342,
    "mse": 0.08083243421340873,
    "status": "completed"
  },
  "artifacts_generated": [
    "metrics"
  ]
}