{
  "timestamp": 1754970583,
  "performance_summary": {
    "r2_score": 0.1814992338110598,
    "mse": 0.3175515059832597,
    "status": "completed"
  },
  "artifacts_generated": [
    "metrics"
  ]
}