{
  "timestamp": 1754963375,
  "performance_summary": {
    "r2_score": 0.9770472419561129,
    "mse": 0.009894115922990873,
    "status": "completed"
  },
  "artifacts_generated": [
    "metrics"
  ]
}