{
  "timestamp": 1754981723,
  "performance_summary": {
    "r2_score": 0.781212138402995,
    "mse": 0.0890250693379629,
    "status": "completed"
  },
  "artifacts_generated": [
    "metrics",
    "model"
  ]
}