{
  "timestamp": 1754990777,
  "performance_summary": {
    "r2_score": 0.804147525114792,
    "mse": 0.08255651107914544,
    "status": "completed"
  },
  "artifacts_generated": [
    "metrics"
  ]
}