{
  "timestamp": 1755049536,
  "performance_summary": {
    "r2_score": 0.7562618157550646,
    "mse": 0.09456243740978713,
    "status": "completed"
  },
  "artifacts_generated": [
    "metrics"
  ]
}