{
  "timestamp": 1754961217,
  "performance_summary": {
    "r2_score": 0.9462276925494102,
    "mse": 0.022841679509574313,
    "status": "completed"
  },
  "artifacts_generated": [
    "metrics"
  ]
}