{
  "timestamp": 1754962587,
  "performance_summary": {
    "r2_score": 0.9687947663976857,
    "mse": 0.012322204978724502,
    "status": "completed"
  },
  "artifacts_generated": [
    "metrics"
  ]
}