{
  "timestamp": 1754964058,
  "performance_summary": {
    "r2_score": 0.9270263852413289,
    "mse": 0.03005589626437737,
    "status": "completed"
  },
  "artifacts_generated": [
    "metrics"
  ]
}