{
  "timestamp": 1755047833,
  "performance_summary": {
    "r2_score": 0.9782419121122612,
    "mse": 0.00844142591122834,
    "status": "completed"
  },
  "artifacts_generated": [
    "metrics"
  ]
}