{
  "timestamp": 1755047831,
  "performance_summary": {
    "r2_score": 0.7637992663127697,
    "mse": 0.09163815331043527,
    "status": "completed"
  },
  "artifacts_generated": [
    "metrics"
  ]
}