{
  "timestamp": 1755049393,
  "performance_summary": {
    "r2_score": 0.9684469936833633,
    "mse": 0.0122415336528034,
    "status": "completed"
  },
  "artifacts_generated": [
    "metrics"
  ]
}