{
  "timestamp": 1755049546,
  "performance_summary": {
    "r2_score": 0.07625982350518912,
    "mse": 0.3583809524687198,
    "status": "completed"
  },
  "artifacts_generated": [
    "metrics"
  ]
}