{
  "timestamp": 1755046973,
  "performance_summary": {
    "r2_score": 0.14344327053996964,
    "mse": 0.33231597407856345,
    "status": "completed"
  },
  "artifacts_generated": [
    "metrics"
  ]
}