{
  "timestamp": 1755045929,
  "performance_summary": {
    "r2_score": 0.14057258583094345,
    "mse": 0.3334297057819544,
    "status": "completed"
  },
  "artifacts_generated": [
    "metrics"
  ]
}