{
  "timestamp": 1754992352,
  "performance_summary": {
    "r2_score": 0.6457650030255112,
    "mse": 0.14931853921930788,
    "status": "completed"
  },
  "artifacts_generated": [
    "metrics"
  ]
}