{
  "timestamp": 1755049354,
  "performance_summary": {
    "r2_score": 0.8087512077668375,
    "mse": 0.07419827140039752,
    "status": "completed"
  },
  "artifacts_generated": [
    "metrics"
  ]
}