{
  "r2": 0.781212138402995,
  "mse": 0.0890250693379629
}