{
  "n": 240,
  "resid_q10": -0.15184033573634648,
  "resid_q90": 0.17021911468044382
}