{
  "validation": {
    "r2": 0.781212138402995,
    "mse": 0.0890250693379629,
    "rmse": 0.2983706911510628,
    "std_y": 0.6378881707786328,
    "nrmse": 0.4677476473445046
  },
  "test": {
    "r2": 0.7721232994835485,
    "mse": 0.09254647819064572,
    "rmse": 0.3042145265937275,
    "std_y": 0.6372795567336446,
    "nrmse": 0.47736432681520763
  },
  "gap_analysis": {
    "r2_gap": 0.009088838919446451,
    "mse_ratio": 1.0395552497613296,
    "nrmse_ratio": 1.02055954642487
  }
}