{
  "timestamp": 1754963367,
  "performance_summary": {
    "r2_score": 0.9703009926374137,
    "mse": 0.012232233354437317,
    "status": "completed"
  },
  "artifacts_generated": [
    "metrics"
  ]
}