{
  "timestamp": 1754962214,
  "performance_summary": {
    "r2_score": 0.9945748878126087,
    "mse": 0.002326328460416404,
    "status": "completed"
  },
  "artifacts_generated": [
    "metrics"
  ]
}