{
  "timestamp": 1754963337,
  "performance_summary": {
    "r2_score": 0.9764805716550253,
    "mse": 0.009124768356158199,
    "status": "completed"
  },
  "artifacts_generated": [
    "metrics"
  ]
}