{
  "timestamp": 1754962579,
  "performance_summary": {
    "r2_score": 0.9758456786961629,
    "mse": 0.011418030928695031,
    "status": "completed"
  },
  "artifacts_generated": [
    "metrics"
  ]
}