{
  "timestamp": 1754964061,
  "performance_summary": {
    "r2_score": 0.9206185179868038,
    "mse": 0.034218527624245626,
    "status": "completed"
  },
  "artifacts_generated": [
    "metrics"
  ]
}