{
  "timestamp": 1754962583,
  "performance_summary": {
    "r2_score": 0.9628902294670697,
    "mse": 0.015912945643948195,
    "status": "completed"
  },
  "artifacts_generated": [
    "metrics"
  ]
}