{
  "timestamp": 1754970230,
  "performance_summary": {
    "r2_score": 0.772876604612286,
    "mse": 0.10582045736096196,
    "status": "completed"
  },
  "artifacts_generated": [
    "metrics"
  ]
}