{
  "metrics": {
    "latency_ms": 1395.0,
    "accuracy": 0.9466666666666667,
    "explainability": 0.8633333333333334,
    "failure_rate": 0.0
  },
  "utilities": {
    "latency": 0.3143198860617461,
    "accuracy": 0.8148148148148148,
    "explainability": 0.7523809523809527,
    "failure": 0.9655548043337888
  },
  "weights": {
    "latency": 0.15,
    "accuracy": 0.3,
    "explainability": 0.15,
    "failure": 0.4
  },
  "J": 0.7906714919443648,
  "constraints_ok": true,
  "violations": []
}
