{
  "metrics": {
    "latency_ms": 1431.0,
    "accuracy": 0.9466666666666667,
    "explainability": 0.82,
    "failure_rate": 0.0
  },
  "utilities": {
    "latency": 0.28414356827121023,
    "accuracy": 0.8148148148148148,
    "explainability": 0.6285714285714286,
    "failure": 0.9655548043337888
  },
  "weights": {
    "latency": 0.15,
    "accuracy": 0.3,
    "explainability": 0.15,
    "failure": 0.4
  },
  "J": 0.7675736157043558,
  "constraints_ok": true,
  "violations": []
}
