{
  "metrics": {
    "latency_ms": 1424.0,
    "accuracy": 0.92,
    "explainability": 0.8566666666666668,
    "failure_rate": 0.0
  },
  "utilities": {
    "latency": 0.28987319169527037,
    "accuracy": 0.6666666666666669,
    "explainability": 0.7333333333333338,
    "failure": 0.9655548043337888
  },
  "weights": {
    "latency": 0.15,
    "accuracy": 0.3,
    "explainability": 0.15,
    "failure": 0.4
  },
  "J": 0.7397029004878062,
  "constraints_ok": true,
  "violations": []
}
