{
  "metrics": {
    "latency_ms": 1375.0,
    "accuracy": 0.92,
    "explainability": 0.8333333333333334,
    "failure_rate": 0.0
  },
  "utilities": {
    "latency": 0.33181222783183384,
    "accuracy": 0.6666666666666669,
    "explainability": 0.6666666666666669,
    "failure": 0.9655548043337888
  },
  "weights": {
    "latency": 0.15,
    "accuracy": 0.3,
    "explainability": 0.15,
    "failure": 0.4
  },
  "J": 0.7359937559082907,
  "constraints_ok": true,
  "violations": []
}
