{
  "latency_ms": 1418.0,
  "accuracy": 0.9433333333333334,
  "explainability": 0.8633333333333334,
  "failure_rate": 0.0
}