{
  "metrics": {
    "latency_ms": 1513.0,
    "accuracy": 0.96,
    "explainability": 0.85,
    "failure_rate": 0.0
  },
  "utilities": {
    "latency": 0.22235412126790433,
    "accuracy": 0.8888888888888887,
    "explainability": 0.7142857142857143,
    "failure": 0.9655548043337888
  },
  "weights": {
    "latency": 0.15,
    "accuracy": 0.45,
    "explainability": 0.3,
    "failure": 0.1
  },
  "J": 0.7441943129092787,
  "constraints_ok": true,
  "violations": []
}
