{
  "metrics": {
    "latency_ms": 1627.0,
    "accuracy": 0.9433333333333334,
    "explainability": 0.83,
    "failure_rate": 0.0
  },
  "utilities": {
    "latency": 0.15342330493231704,
    "accuracy": 0.7962962962962965,
    "explainability": 0.6571428571428571,
    "failure": 0.9655548043337888
  },
  "weights": {
    "latency": 0.15,
    "accuracy": 0.45,
    "explainability": 0.3,
    "failure": 0.1
  },
  "J": 0.675045166649417,
  "constraints_ok": true,
  "violations": []
}
