{
  "metrics": {
    "latency_ms": 1641.0,
    "accuracy": 0.9533333333333333,
    "explainability": 0.9133333333333334,
    "failure_rate": 0.0
  },
  "utilities": {
    "latency": 0.14629007551734285,
    "accuracy": 0.8518518518518514,
    "explainability": 0.8952380952380957,
    "failure": 0.9655548043337888
  },
  "weights": {
    "latency": 0.15,
    "accuracy": 0.45,
    "explainability": 0.3,
    "failure": 0.1
  },
  "J": 0.7704037536657421,
  "constraints_ok": true,
  "violations": []
}
