{
  "latency_ms": 1567.0,
  "accuracy": 0.9533333333333333,
  "explainability": 0.8966666666666666,
  "failure_rate": 0.0
}