{
  "metrics": {
    "latency_ms": 1645.0,
    "accuracy": 0.96,
    "explainability": 0.89,
    "failure_rate": 0.0
  },
  "utilities": {
    "latency": 0.14430313409051876,
    "accuracy": 0.8888888888888887,
    "explainability": 0.8285714285714287,
    "failure": 0.9655548043337888
  },
  "weights": {
    "latency": 0.15,
    "accuracy": 0.3,
    "explainability": 0.15,
    "failure": 0.4
  },
  "J": 0.7988197727994742,
  "constraints_ok": true,
  "violations": []
}
