{
  "metrics": {
    "latency_ms": 1593.0,
    "accuracy": 0.9733333333333333,
    "explainability": 0.89,
    "failure_rate": 0.0
  },
  "utilities": {
    "latency": 0.17193146280661376,
    "accuracy": 0.9629629629629627,
    "explainability": 0.8285714285714287,
    "failure": 0.9655548043337888
  },
  "weights": {
    "latency": 0.15,
    "accuracy": 0.3,
    "explainability": 0.15,
    "failure": 0.4
  },
  "J": 0.8251862443291107,
  "constraints_ok": true,
  "violations": []
}
