{
  "latency_ms": 1624.0,
  "accuracy": 0.9766666666666666,
  "explainability": 0.8833333333333333,
  "failure_rate": 0.0
}