{
  "latency_ms": 1583.0,
  "accuracy": 0.9466666666666667,
  "explainability": 0.8933333333333334,
  "failure_rate": 0.0
}