{
  "metrics": {
    "latency_ms": 1581.0,
    "accuracy": 0.8933333333333334,
    "explainability": 0.8300000000000001,
    "failure_rate": 0.0
  },
  "utilities": {
    "latency": 0.1788732541085032,
    "accuracy": 0.5185185185185189,
    "explainability": 0.6571428571428575,
    "failure": 0.9655548043337888
  },
  "weights": {
    "latency": 0.15,
    "accuracy": 0.3,
    "explainability": 0.15,
    "failure": 0.4
  },
  "J": 0.6671798939767754,
  "constraints_ok": true,
  "violations": []
}
