{
  "metrics": {
    "latency_ms": 1479.0,
    "accuracy": 0.9366666666666666,
    "explainability": 0.8366666666666668,
    "failure_rate": 0.0
  },
  "utilities": {
    "latency": 0.24675399605081327,
    "accuracy": 0.7592592592592592,
    "explainability": 0.6761904761904767,
    "failure": 0.9655548043337888
  },
  "weights": {
    "latency": 0.15,
    "accuracy": 0.3,
    "explainability": 0.15,
    "failure": 0.4
  },
  "J": 0.7524413703474868,
  "constraints_ok": true,
  "violations": []
}
