{
  "metrics": {
    "latency_ms": 1549.0,
    "accuracy": 0.92,
    "explainability": 0.86,
    "failure_rate": 0.0
  },
  "utilities": {
    "latency": 0.1984516183438464,
    "accuracy": 0.6666666666666669,
    "explainability": 0.7428571428571429,
    "failure": 0.9655548043337888
  },
  "weights": {
    "latency": 0.15,
    "accuracy": 0.3,
    "explainability": 0.15,
    "failure": 0.4
  },
  "J": 0.727418235913664,
  "constraints_ok": true,
  "violations": []
}
