{
  "metrics": {
    "latency_ms": 1523.0,
    "accuracy": 0.9266666666666666,
    "explainability": 0.8633333333333333,
    "failure_rate": 0.0
  },
  "utilities": {
    "latency": 0.21551448245563454,
    "accuracy": 0.7037037037037035,
    "explainability": 0.7523809523809524,
    "failure": 0.9655548043337888
  },
  "weights": {
    "latency": 0.15,
    "accuracy": 0.3,
    "explainability": 0.15,
    "failure": 0.4
  },
  "J": 0.7425173480701146,
  "constraints_ok": true,
  "violations": []
}
