{
  "metrics": {
    "latency_ms": 1568.0,
    "accuracy": 0.9433333333333334,
    "explainability": 0.8533333333333334,
    "failure_rate": 0.0
  },
  "utilities": {
    "latency": 0.1866388141367734,
    "accuracy": 0.7962962962962965,
    "explainability": 0.7238095238095241,
    "failure": 0.9655548043337888
  },
  "weights": {
    "latency": 0.15,
    "accuracy": 0.3,
    "explainability": 0.15,
    "failure": 0.4
  },
  "J": 0.761678061314349,
  "constraints_ok": true,
  "violations": []
}
