{
  "latency_ms": 1499.0,
  "accuracy": 0.9533333333333335,
  "explainability": 0.8633333333333333,
  "failure_rate": 0.0
}